BrandName,Width,Profile,Rim,Model,Cost,Quantity
YOKOHAMA,145,80,13,E400,6700,20
YOKOHAMA,155,80,13,E400,6700,10
YOKOHAMA,155,70,13,E400,6700,120
YOKOHAMA,175,70,13,E400,6700,120
YOKOHAMA,155,65,13,E400,6700,16
YOKOHAMA,175,60,13,E400,6700,120
YOKOHAMA,165,80,14,E400,6700,120
YOKOHAMA,165,70,14,E400,6700,120
YOKOHAMA,175,70,14,AE51,6700,120
YOKOHAMA,175,70,14,E400,6700,120
YOKOHAMA,185,70,14,AE51,6700,116
YOKOHAMA,185,70,14,E400,6700,120
YOKOHAMA,195,70,14,E400,6700,120
YOKOHAMA,155,65,14,E400,6700,120
YOKOHAMA,165,65,14,E400,6700,120
YOKOHAMA,175,65,14,E400,6700,120
YOKOHAMA,185,65,14,E400,6700,120
YOKOHAMA,195,65,14,AS01,6700,120
YOKOHAMA,195,65,14,E400,6700,116
YOKOHAMA,185,60,14,AS01,6700,120
YOKOHAMA,185,60,14,E400,6700,120
YOKOHAMA,195,60,14,AS01,6700,120
YOKOHAMA,195,60,14,E400,6700,120
YOKOHAMA,205,60,14,AS01,6700,120
YOKOHAMA,215,75,15,G015,6700,120
YOKOHAMA,215,75,15,G015,6700,120
YOKOHAMA,235,75,15,G015,6700,120
YOKOHAMA,205,70,15,G015,6700,120
YOKOHAMA,205,70,15,G055,6700,120
YOKOHAMA,265,70,15,G015,6700,100
YOKOHAMA,235,70,15,G015,6700,100
YOKOHAMA,175,65,15,AE51,6700,100
YOKOHAMA,175,65,15,E400,6700,100
YOKOHAMA,185,65,15,E400,6700,100
YOKOHAMA,185,65,15,AE51,6700,100
YOKOHAMA,195,65,15,E400,6700,100
YOKOHAMA,175,60,15,AE51,6700,100
YOKOHAMA,175,60,15,AE30,6700,100
YOKOHAMA,185,60,15,AE51,6700,100
YOKOHAMA,185,60,15,E400,6700,100
YOKOHAMA,195,60,15,AE51,6700,100
YOKOHAMA,195,60,15,AS01,6696,100
YOKOHAMA,195,60,15,E400,6700,100
YOKOHAMA,205,60,15,AS01,6700,100
YOKOHAMA,225,60,15,E400,6700,100
YOKOHAMA,195,55,15,AS01,6700,100
YOKOHAMA,205,55,15,AS01,6700,100
YOKOHAMA,195,50,15,AS01,6700,100
YOKOHAMA,205,50,15,AS01,6700,80
YOKOHAMA,215,70,16,G033,6700,80
YOKOHAMA,235,70,16,G015,6700,80
YOKOHAMA,245,70,16,G015,6700,80
YOKOHAMA,265,70,16,G015,6700,80
YOKOHAMA,275,70,16,G015,6700,80
YOKOHAMA,225,70,16,G92C,6700,80
YOKOHAMA,205,65,16,AE51,6700,76
YOKOHAMA,205,65,16,E400,6700,80
YOKOHAMA,205,65,16,V02,6700,80
YOKOHAMA,215,65,16,G015,6700,80
YOKOHAMA,215,65,16,G055,6700,80
YOKOHAMA,255,65,16,G015,6700,80
YOKOHAMA,195,60,16,E400,6700,80
YOKOHAMA,195,60,16,AE51,6700,80
YOKOHAMA,205,60,16,AE51,6700,80
YOKOHAMA,205,60,16,E400,6700,80
YOKOHAMA,205,60,16,V02,6700,80
YOKOHAMA,215,60,16,E400,6700,80
YOKOHAMA,215,60,16,A348,6700,80
YOKOHAMA,215,60,16,AE51,6700,80
YOKOHAMA,215,60,16,V02,6700,80
YOKOHAMA,225,60,16,AE51,6700,80
YOKOHAMA,235,60,16,G015,6700,80
YOKOHAMA,235,60,16,G055,6700,80
YOKOHAMA,185,55,16,AE51,6700,80
YOKOHAMA,195,55,16,AE51,6700,80
YOKOHAMA,195,55,16,AS01,6700,80
YOKOHAMA,195,55,16,E400,6700,80
YOKOHAMA,205,55,16,AE51,6700,80
YOKOHAMA,205,55,16,A46,6700,80
YOKOHAMA,205,55,16,AC02,6700,80
YOKOHAMA,205,55,16,E400,6700,80
YOKOHAMA,205,55,16,V103,6700,80
YOKOHAMA,215,55,16,AE51,6700,80
YOKOHAMA,225,55,16,AE51,6700,80
YOKOHAMA,225,55,16,V105S,6700,80
YOKOHAMA,205,50,16,E400,6700,80
YOKOHAMA,225,50,16,AE51,6700,80
YOKOHAMA,225,50,16,V103,6700,80
YOKOHAMA,235,65,17,G015,6700,80
YOKOHAMA,235,65,17,G055,6700,80
YOKOHAMA,235,65,17,V02,6700,80
YOKOHAMA,235,65,17,V105S,6700,80
YOKOHAMA,265,65,17,G015,6700,80
YOKOHAMA,275,65,17,G015,6700,80
YOKOHAMA,225,65,17,G93B,6700,80
YOKOHAMA,215,60,17,E400,6700,10
YOKOHAMA,215,60,17,AE51,6700,80
YOKOHAMA,215,60,17,V02,6700,80
YOKOHAMA,225,60,17,E400,6700,80
YOKOHAMA,225,60,17,V02,6700,80
YOKOHAMA,255,60,17,G055,6700,80
YOKOHAMA,215,55,17,E400,6700,80
YOKOHAMA,215,55,17,AE51,6700,80
YOKOHAMA,225,55,17,AE51,6700,80
YOKOHAMA,225,55,17,E400,6700,80
YOKOHAMA,225,55,17,V105,6700,80
YOKOHAMA,225,55,17,V105S,6700,80
YOKOHAMA,235,55,17,AE51,6700,80
YOKOHAMA,235,55,17,V02,6700,80
YOKOHAMA,235,55,17,V105,6700,80
YOKOHAMA,215,50,17,V551,6700,70
YOKOHAMA,225,50,17,AE51,6700,70
YOKOHAMA,225,50,17,V105,6700,70
YOKOHAMA,225,50,17,V103,6700,70
YOKOHAMA,215,45,17,AE51,6700,70
YOKOHAMA,215,45,17,A,6700,70
YOKOHAMA,225,45,17,AE51,6700,70
YOKOHAMA,225,45,17,V105,6700,70
YOKOHAMA,225,45,17,V103,6700,70
YOKOHAMA,245,45,17,AE51,6700,70
YOKOHAMA,245,45,17,V105,6700,70
YOKOHAMA,235,60,18,G055,6100,10
YOKOHAMA,235,60,18,V02,6150,15
YOKOHAMA,265,60,18,G015,6700,70
YOKOHAMA,275,60,18,G015,6700,70
YOKOHAMA,285,60,18,G015,6700,70
YOKOHAMA,285,60,18,G94A,6700,70
YOKOHAMA,255,55,18,G057,6700,70
YOKOHAMA,255,55,18,V105,6700,70
YOKOHAMA,235,50,18,AC02,6700,70
YOKOHAMA,245,50,18,V103,6700,60
YOKOHAMA,225,45,18,V105S,6700,60
YOKOHAMA,245,45,18,V105,6700,60
YOKOHAMA,245,45,18,V105S,6700,60
YOKOHAMA,255,45,18,V105,6700,60
YOKOHAMA,245,40,18,V105,6700,60
YOKOHAMA,245,40,18,V105S,6700,60
YOKOHAMA,255,40,18,V105,6700,60
YOKOHAMA,275,40,18,V105S,6700,60
YOKOHAMA,235,55,19,G057,6700,60
YOKOHAMA,235,55,19,V105,6700,60
YOKOHAMA,255,55,19,G057,6700,60
YOKOHAMA,255,55,19,V105T,6700,60
YOKOHAMA,275,55,19,G057,6700,60
YOKOHAMA,255,50,19,G057,6700,45
YOKOHAMA,255,50,19,V105,6700,45
YOKOHAMA,265,50,19,G057,6700,45
YOKOHAMA,265,50,19,V103B,6700,45
YOKOHAMA,245,45,19,V105,6700,45
YOKOHAMA,275,45,19,V103B,6700,45
YOKOHAMA,255,40,19,V105,6700,45
YOKOHAMA,275,40,19,V105,6700,45
YOKOHAMA,245,40,19,V105S,6700,45
YOKOHAMA,235,35,19,V105,6700,45
YOKOHAMA,255,35,19,V105,6700,45
YOKOHAMA,275,35,19,V105S,6700,45
YOKOHAMA,295,30,19,V105,6700,45
YOKOHAMA,255,55,20,G057,6700,45
YOKOHAMA,255,50,20,G057,6700,40
YOKOHAMA,255,50,20,V105T,6700,40
YOKOHAMA,275,50,20,G057,6700,40
YOKOHAMA,275,45,20,G057,6700,40
YOKOHAMA,275,45,20,V103B,6700,40
YOKOHAMA,275,40,20,V103B,6700,40
YOKOHAMA,275,40,21,G057,6700,30
YOKOHAMA,295,35,21,V105,6700,30
MICHELIN,145,80,12,74T Energy XM2 +,6700,30
MICHELIN,145,80,13,75T Energy XM2 +,6700,30
MICHELIN,155,65,13,73T Energy XM2 +,6700,8
MICHELIN,155,70,13,75T Energy XM2 +,6700,30
MICHELIN,155,80,13,79T Energy XM2 +,6700,30
MICHELIN,165,65,13,77T Energy XM2 +,6700,30
MICHELIN,175,70,13,82T Energy XM2 +,6700,30
MICHELIN,185,70,13,86T Energy XM2 +,6700,30
MICHELIN,155,65,14,75T Energy XM2 +,6700,30
MICHELIN,165,65,14,79T Energy XM2 +,6700,30
MICHELIN,165,70,14,81T Energy XM2 +,6700,30
MICHELIN,165,80,14,85T Energy XM2 +,6700,30
MICHELIN,175,65,14,82H Energy XM2 +,6700,30
MICHELIN,175,70,14,88T Energy XM2 +,6700,30
MICHELIN,185,60,14,82H Energy XM2 +,6700,30
MICHELIN,185,65,14,86H Energy XM2 +,6700,30
MICHELIN,185,70,14,88H Energy XM2 +,6700,30
MICHELIN,195,60,14,86H Energy XM2 +,6700,30
MICHELIN,195,70,14,91H Energy XM2 +,6700,30
MICHELIN,175,60,15,81H Energy XM2 +,6700,30
MICHELIN,175,65,15,84H Energy XM2 +,6700,30
MICHELIN,185,60,15,84H Energy XM2 +,6700,30
MICHELIN,185,65,15,88H Energy XM2 +,6700,30
MICHELIN,195,55,15,85V Energy XM2 +,6700,30
MICHELIN,195,60,15,88V Energy XM2 +,6700,30
MICHELIN,195,60,15,88V Primacy 4 ST,6700,30
MICHELIN,195,65,15,91V Energy XM2 +,6700,30
MICHELIN,195,65,15,91V Primacy 4 ST,6700,30
MICHELIN,205,60,15,91V Energy XM2 +,6700,30
MICHELIN,205,65,15,94V Energy XM2 +,6700,30
MICHELIN,185,55,16,83V Energy XM2 +,6700,30
MICHELIN,195,55,16,91V Primacy 4 ST,6700,30
MICHELIN,195,60,16,89H Primacy 3 ST,6700,30
MICHELIN,195,60,16,93V Extra Load Primacy 4ST,6700,30
MICHELIN,205,50Z,16,91W Pilot Sport 4 ST,6700,30
MICHELIN,205,55,16,91W Primacy 4 ST,6700,30
MICHELIN,205,55Z,16,94W Pilot Sport 4 ST,6700,30
MICHELIN,205,60,16,92V Primacy 4 ST,6700,30
MICHELIN,205,65,16,95H Energy XM2 +,6700,26
MICHELIN,205,65,16,95V Primacy 4 ST,6700,30
MICHELIN,215,55,16,97W Primacy 4 ST,6700,30
MICHELIN,215,60,16,99V Primacy 4 ST,6700,30
MICHELIN,225,50Z,16,92W Pilot Sport 3 ST,6700,30
MICHELIN,225,55,16,99W Primacy 4 ST,6700,30
MICHELIN,225,60,16,98W Primacy 4 ST,6700,30
MICHELIN,235,60,16,100V Primacy 4 ST,6700,30
MICHELIN,205,45Z,17,88W Pilot Sport 4 ST,6700,30
MICHELIN,205,50Z,17,93W Pilot Sport 4 ST,6700,30
MICHELIN,215,45,17,91W Primacy 4 ST,6700,30
MICHELIN,215,50Z,17,95W Pilot Sport 4 ST,6700,30
MICHELIN,215,50,17,95W PRIMACY 4 ST,6700,30
MICHELIN,215,55,17,94V Primacy 4 ST,6700,30
MICHELIN,215,60,17,96V Primacy 4 ST,6700,30
MICHELIN,225,45,17,94W Primacy 4 ST,6700,30
MICHELIN,225,45Z,17,94Y Pilot Sport 4 ST,6700,30
MICHELIN,225,50,17,98W Primacy 4 ST,6700,30
MICHELIN,225,50Z,17,98Y Pilot Sport 4 ST,6700,30
MICHELIN,225,55,17,101W Primacy 4 ST,6700,28
MICHELIN,235,55,17,103W Primacy 4 ST,6700,30
MICHELIN,245,40,17,95Y Pilot Sport 4 ST,6700,30
MICHELIN,245,45,17,99W Primacy 4 ST,6700,30
MICHELIN,245,45Z,17,99Y Pilot Sport 4 ST,6700,30
MICHELIN,205,40,17,88Y Pilot Sport 4 ST,6700,30
MICHELIN,225,40Z,18,92Y Pilot Sport 4 ST,6700,30
MICHELIN,235,40Z,18,95Y Pilot Sport 4 ST,6700,30
MICHELIN,235,45Z,18,98W Pilot Sport 3 ST,6700,30
MICHELIN,235,50,18,97W Primacy 4 ST,6700,30
MICHELIN,245,40Z,18,97Y Pilot Sport 4 ST,6700,30
MICHELIN,245,45,18,100W Primacy 4 ST,6700,30
MICHELIN,245,50,18,100W Primacy 4 ST,6700,30
MICHELIN,255,40Z,18,95Y Pilot Super Sport *,6700,30
MICHELIN,255,45,18,99Y Primacy HP MO,6700,30
MICHELIN,275,40Z,18,99Y Pilot Super Sport *,6700,30
MICHELIN,285,35Z,18,101Y Pilot Super Sport MO,6700,30
MICHELIN,235,35Z,19,91Y Pilot Sport 4,6700,30
MICHELIN,245,40,19,98Y PRIMACY 3 * MO,6700,30
MICHELIN,245,50,19,98Y Pilot Sport 4 ST,6700,30
MICHELIN,245,45,19,100W Primacy 4 ST,6700,30
MICHELIN,245,45,19,102Y Pilot Sport 3 MO,6700,30
MICHELIN,255,40Z,19,100Y Pilot Sport 3 ST AO,6700,30
MICHELIN,255,40,19,100W Pilot Sport 4 VOL,6700,30
MICHELIN,275,40Z,19,105Y Pilot Sport 4,6700,30
MICHELIN,275,40,19,101Y Pilot Sport 3 MO,6700,30
MICHELIN,285,30Z,19,98Y Pilot Super Sport MO,6700,30
MICHELIN,245,35Z,20,95Y Pilot Sport 4 NO,6700,30
MICHELIN,295,30Z,20,101Y Pilot Sport 4 MO,6700,30
MICHELIN,295,35Z,20,105Y Pilot Sport 4,6700,30
MICHELIN,305,30Z,20,103Y Pilot Sport 4 NO,6700,30
MICHELIN,185,14C,102,100R Agilis,6700,30
MICHELIN,195,15C,106,104R Agilis,6700,30
MICHELIN,205,65,15C,100T Agilis,6700,30
MICHELIN,215,70,15C,107S Agilis,6700,30
MICHELIN,205,55,16ZP,91W Primacy 3 ZP,6700,30
MICHELIN,225,50,17ZP,94W Primacy 3 ZP MOE,6700,30
MICHELIN,225,55,17ZP,97Y Primacy 3 ZP * MOE,6700,30
MICHELIN,225,45,18ZP,95Y PRIMACY 3 ZP MOE,6700,30
MICHELIN,245,45,18ZP,100Y Primacy 3 ZP * MOE,6700,30
MICHELIN,245,50,18ZP,100Y Primacy 3 ZP *,6700,30
MICHELIN,255,55,18ZP,109V Latitude Sport 3 ZP *,6700,30
MICHELIN,245,40,18ZP,97Y Primacy 3 ZP MOE,6700,30
MICHELIN,275,40,18ZP,99Y Primacy 3 ZP * MOE,6700,30
MICHELIN,245,45,19ZP,98Y Primacy 3 ZP *,6700,30
MICHELIN,275,35,19ZP,100Y Primacy 3 ZP * MOE,6700,30
MICHELIN,245,40,19ZP,98Y Primacy 3 ZP * MOE,6700,30
MICHELIN,255,50,19ZP,107W Latitude Sport 3 ZP,6700,30
MICHELIN,275,40,19ZP,101Y Primacy 3 ZP * S1,6700,30
MICHELIN,285,45,19ZP,111W Latitude Sport 3 ZP,6700,30
MICHELIN,245,40 Z,20,99Y PILOT SPORT 4 ZP,6700,30
MICHELIN,315,35,20ZP,110Y Latitude Sport 3 ZP,6700,30
MICHELIN,325.5,15,Null,105T LTX Force,6700,30
MICHELIN,215,75,15,100T LTX Force,6700,30
MICHELIN,235,75,15,105T LTX Force,6700,30
MICHELIN,265,70,15,112T LTX Force,6700,30
MICHELIN,215,65,16,102H Primacy SUV,6700,30
MICHELIN,215,65,16,98T LTX Force,6700,30
MICHELIN,235,70,16,106T LTX Force,6700,30
MICHELIN,245,70,16,111T LTX Force,6700,30
MICHELIN,255,65,16,113H Latitude Cross,6700,30
MICHELIN,275,70,16,114T LTX Force,6700,30
MICHELIN,205,40,17,84Y Pilot Sport 4,6700,30
MICHELIN,225,65,17,102H Primacy SUV,6700,30
MICHELIN,235,55,17,99V Latitude Sport AO,6700,30
MICHELIN,235,60,17,102V Primacy SUV,6700,30
MICHELIN,235,65,17,108T LTX Trail ST,6700,30
MICHELIN,235,65,17,108V Primacy SUV+,6700,30
MICHELIN,235,65,17,108V Primacy SUV,6700,30
MICHELIN,235,65,17,104T LTX Force,6700,30
MICHELIN,235,65,17,104W Latitude Sport 3,6700,30
MICHELIN,235,65,17,104W Latitude Sport 3 AO,6700,30
MICHELIN,235,65,17,108V Pilot Sport 4 SUV,6700,30
MICHELIN,255,60,17,106V Latitude Sport 3,6700,30
MICHELIN,255,65,17,110H PRIMACY SUV,6700,30
MICHELIN,265,65,17,112H Primacy SUV+,6700,30
MICHELIN,265,65,17,112T LTX Trail ST,6700,30
MICHELIN,265,65,17,112H LTX Force,6700,30
MICHELIN,275,55,17,109V Latitude Sport 3,6700,30
MICHELIN,275,65,17,115T LTX Force,6700,30
MICHELIN,235,55,18,104V XL Latitude Sport 3 VOL,6700,30
MICHELIN,235,60,18,103H Primacy 3 ST SUV,6700,30
MICHELIN,235,60,18,103V Primacy SUV+,6700,30
MICHELIN,235,60,18,107V Latitude Tour HP JLR,6700,30
MICHELIN,235,60,18,107W Pilot Sport 4 SUV,6700,30
MICHELIN,255,55,18,109Y Pilot Sport 4 SUV,6700,30
MICHELIN,255,55,18,109Y Latitude Sport N1,6700,30
MICHELIN,265,60,18,110H Primacy SUV+,6700,30
MICHELIN,265,60,18,110H Primacy SUV,6700,30
MICHELIN,265,60,18,110H LTX FORCE,6700,30
MICHELIN,265,60,18,110T LTX Trail ST,6700,30
MICHELIN,285,60,18,116T LTX Trail ST,6700,28
MICHELIN,285,60,18,116V Primacy SUV,6700,26
MICHELIN,235,55,19,105Y Pilot Sport 4 SUV0,6700,30
MICHELIN,255,50,19,107Y Pilot Sport 4 SUV0,6700,30
MICHELIN,255,50,19,103Y Latitude Sport 3 MO,6700,30
MICHELIN,255,55,19,111Y Pilot Sport 4 SUV,6600,6
MICHELIN,255,55,19,111V Latitude Tour HP,6700,10
MICHELIN,255,55,19,111W Latitude Tour HP JLR,6700,30
MICHELIN,255,55Z,19,111Y Latitude Sport 3 NO,6700,30
MICHELIN,265,50,19,110Y Pilot Sport 4 SUV,6700,30
MICHELIN,265,50,19,110Y Latitude Sport 3 NO,6700,30
MICHELIN,275,55,19,111W Latitude Sport MO,6700,30
MICHELIN,275,55,19,111W Pilot Sport 4 SUV,6700,30
MICHELIN,255,45,20,105Y Pilot Sport 4 SUV,6700,30
MICHELIN,255,50,20,109Y Latitude Sport 3,6700,30
MICHELIN,255,50,20,109Y Pilot Sport 4 SUV,6700,30
MICHELIN,255,55,20,110Y Latitude Sport,6700,30
MICHELIN,255,55,20,110Y Pilot Sport 4 SUV,6700,30
MICHELIN,265,35Z,20,99Y Pilot Sport 4 MO,6700,30
MICHELIN,265,45,20,108Y Pilot Sport 4 SUV,6700,30
MICHELIN,265,45,20,104Y Latitude Sport 3 NO,6700,30
MICHELIN,265,50,20,107V Pilot Sport 4 SUV,6700,30
MICHELIN,275,40,20,106Y Pilot Sport 4 SUV,6700,30
MICHELIN,275,45,20,110Y Latitude Sport 3,6700,30
MICHELIN,275,45,20,110Y Pilot Sport 4 SUV,6700,30
MICHELIN,275,50,20,113Y Pilot Sport 4 SUV MO,6700,30
MICHELIN,275,50,20,109W Latitude Sport MO,6700,30
MICHELIN,285,50,20,116W Pilot Sport 4 SUV,6700,30
MICHELIN,295,40,20,110Y Latitude Sport 3,6700,30
MICHELIN,295,40,20,110Y Pilot Sport 4 SUV,6700,30
MICHELIN,295,40,20,106Y Latitude Sport 3 NO,6700,30
MICHELIN,265,40,21,101Y Latitude Sport 3 NO,6700,30
MICHELIN,275,45,21,110Y Pilot Sport 4 SUV,6700,30
MICHELIN,295,35,21,107Y Pilot Sport 4 SUV,6700,30
MICHELIN,295,35,21,103Y Latitude Sport 3 NO,6700,30
PIRELLI,140,60,17,TUBELESS TYRES,6700,30
PIRELLI,185,65,14,86H P1 CINT,6700,30
PIRELLI,185,70,14,88T P4 CINT,6700,30
PIRELLI,195,55,15,85H P1 CINT,6700,30
PIRELLI,195,60,15,88V P6 CIN,6700,30
PIRELLI,205,65,15,94V P6 CIN,6700,30
PIRELLI,205,65,16,CARRIER 6PR,6700,28
PIRELLI,215,60,16,99V XL,6700,30
PIRELLI,225,55,17,99W XL P7 CINT,6700,30
PIRELLI,225,55,17,97Y P1 CINT,6700,30
PIRELLI,225,60,17,99 VR-F P7 CINT,6700,30
PIRELLI,235,55,17,99W P7 CINT,6700,30
PIRELLI,235,65,17,108V XLS VERD,6700,30
PIRELLI,255,60,17,106V S-VEAS TUBELESS TYRE,6700,30
PIRELLI,265,65,17,112T SC-ATR,6700,30
PIRELLI,275,55,19,S-ZERO TUBELESS TYRE,6700,30
PIRELLI,205,55,16,91W P7 CINT,6700,30
PIRELLI,225,55,16,99W XL P7 CINT,6700,30
HANKOOK,185,60,14,H308 HK,6700,30
HANKOOK,185,70,14,H308 HK 238960,6700,30
HANKOOK,195,55,15, TUBELESS TYRE,6700,30
HANKOOK,195,55,15,K110 HK 328000,6700,30
HANKOOK,195,55,16,H308 HK 3869 84,6700,30
HANKOOK,195,60,15, TUBELESS TYRE,6700,30
HANKOOK,195,65,14, TUBESS TYRES,6700,30
HANKOOK,205,50,15, TUBELESS TYRES,6700,30
HANKOOK,205,50,16,K114-L TUBELESS TYRE 4800,6700,30
HANKOOK,205,55,15,H424 HK 3488,6700,30
HANKOOK,205,55,15, TUBELESS TYRES,6700,30
HANKOOK,205,55,16,VXL H457 4133.03,6700,30
HANKOOK,205,60,14,K424,6700,30
HANKOOK,205,60,15,K424 HK,6700,30
HANKOOK,205,60,16,K424-L BP HK TLTYRE,6700,30
HANKOOK,205,65,15, TUBELESS TYRES,6700,30
HANKOOK,215,45,17, HK,6700,30
HANKOOK,215,60,16,K424,6700,30
HANKOOK,215,60,16,K424 Tubeless Tyre,6700,30
HANKOOK,225,50,17,K110 L.B.P TUBELESS TYRE 8300.00,6700,30
HANKOOK,225,55,16, TUBLESS TYRE,6700,30
HANKOOK,225,55,17,TUBE LESS TYRE 8400.00,6700,30
HANKOOK,225,55,17,04 HK 6518.00,6700,30
HANKOOK,225,60,15,K424LBP TUBELESS TYRE 4855.50,6700,30
HANKOOK,225,60,16,K114 L-B-C TUBELESS TYRE,6700,30
HANKOOK,235,55,17, HXL,6700,30
HANKOOK,235,55,17,XL RA23,6700,30
HANKOOK,235,55,17,RA23 TUBELESS TYRE,6700,30
HANKOOK,235,60,15, TUBE LESS TYRE,6700,30
HANKOOK,235,60,16,RH12 HK,6700,30
HANKOOK,235,60,17,DYNAPRO HP TUBELESS TYRE 8150.00,6700,30
HANKOOK,235,60,18,DYNAPRO RA23 TUBELESS TYRE,6700,30
HANKOOK,235,60,18,VRA 23 L B TUBELESS TYRE,6700,30
HANKOOK,245,45,17,K110-L B P TUBELESS TYRE,6700,30
HANKOOK,255,55,18,XLRH07 TUBELESS TYRE,6700,30
HANKOOK,255,60,15,RA03,6700,30
HANKOOK,255,60,17,RA25 L.W.P.HK TL TYRE,6700,30
HANKOOK,255,60,18,RA33 HK,6700,30
HANKOOK,255,65,16,6369 19,6700,30
HANKOOK,255,65,16,04 RF10 HK,6700,30
HANKOOK,255,70,15, TUBELESS TYRES,6700,30
HANKOOK,265,65,17, H TUBELESS TYRES,6700,30
HANKOOK,265,65,17,RA25 LW TUBELESS TYRE,6700,30
HANKOOK,265,65,17,RF10 HK,6700,30
HANKOOK,275,60,15,H101 HK,6700,30
HANKOOK,275,65,17,RA33,6700,30
HANKOOK,285,60,18,XLRH07 L B P TUBELESS TYRE,6700,30
HANKOOK,295,50,15,H101 HK,6700,30
HANKOOK,295,50,15, TUBELESS TYRE,6700,30
HANKOOK,165,70,12,2175 93,6700,30
HANKOOK,255,60,15,6580 00,6700,30
FIRESTONE,145,80,12,74T FR500 TL PSR0D37F,6700,
FIRESTONE,145,70,13,71T FR500 TL PSR0D34F,6700,30
FIRESTONE,155,65,13,073T FR500 TL PSR0D30F,6700,30
FIRESTONE,155,70,13,75T FR500 TL PSR0D33F,6700,30
FIRESTONE,155,80,13,79T FR500 TL PSR0D43F,6700,30
FIRESTONE,165,65,13,77T FR500 TT PSR0D36F,6700,30
FIRESTONE,175,70,13,82T FR500 TL PSR0D35F,6700,30
FIRESTONE,155,65,14,75T FR500 TL PSR0D47F,6700,30
FIRESTONE,155,70,14,77T FR500 TL PSR0D48F,6700,26
FIRESTONE,165,65,14,79T FR500 TL PSR0D39F,6700,30
FIRESTONE,165,70,14,81T FR500 TL PSR0D49F,6700,30
FIRESTONE,165,80,14,085T FR500 TL PSR0D29F,6700,30
FIRESTONE,175,65,14,082T FR500 TL PSR0D28F,6700,30
FIRESTONE,175,70,14,84T FR500 TL PSR0D42F,6700,30
FIRESTONE,185,65,14,86H FR500 TL PSR0D32F,6700,19
FIRESTONE,185,70,14,88H FR500 TL PSR0D40F,6700,30
FIRESTONE,175,65,15,84T FR500 TL PSR0D41F,6700,30
FIRESTONE,185,60,15,84T FR500 TL PSR0D38F,6700,30
FIRESTONE,185,65,15,088T FR500 TL PSR0D44F,6700,30
FIRESTONE,195,60,15,88H FR500 TL PSR0D51 F,6700,30
FIRESTONE,195,65,15,091T FR500 TL PSR0D46F,6700,30
FIRESTONE,215,75,15,100S LE02 TL PSR0D01F,6700,30
FIRESTONE,195,55,16,87H FR500 TL PSROD 75F,6700,30
FIRESTONE,205,60,16,92H FR500 TL PSRODSOF,6700,30
FIRESTONE,205,65,16,095H FR500 TL PSROD 76F,6700,30
FIRESTONE,215,65,16,98H LE02 TL PSR0D53F/54F/78F,6700,30
FIRESTONE,235,70,16,106S LE02 TL PSR0D52F,6700,30
FIRESTONE,225,60,17,99H LE02 TL PSR0D55F/7 7F/80F/79F,6700,30
GOODYEAR,145,70,12,69T DUCARO HI-MILER TL,6700,26
GOODYEAR,145,80,12,74T DUCARO HI-MILER TL,6700,30
GOODYEAR,145,80,12,74T DUCARO HI-MILER TL,6700,30
GOODYEAR,145,70,13,71T ASSURANCE DURAPLUS 2 TL,6700,30
GOODYEAR,145,70,13,71T GPS 2 TL,6700,30
GOODYEAR,145,80,13,75T ASSURANCE DURAPLUS 2 TL,6700,30
GOODYEAR,155,65,13,73T ASSURANCE DURAPLUS 2 TL,6700,30
GOODYEAR,155,70,13,75T ASSURANCE DURAPLUS 2 TL,6700,30
GOODYEAR,155,80,13,79T ASSURANCE DURAPLUS 2 TL,6700,30
GOODYEAR,175,70,13,82H ASSURANCE DURAPLUS 2 TL,6700,30
GOODYEAR,155,65,14,75T ASSURANCE DURAPLUS 2 TL,6700,30
GOODYEAR,155,65,14,75T GT-3 SZ1 TL,6700,30
GOODYEAR,165,65,14,79H GOODYEAR DP-C1 TL,6700,30
GOODYEAR,165,65,14,79H GOODYEAR DP-H1 TL,6700,30
GOODYEAR,165,70,14,81S DP-M1 TL,6700,30
GOODYEAR,165,70,14,81T ASSURANCE TRIPLEMAX TL,6700,30
GOODYEAR,165,80,14,85T ASSURANCE DURAPLUS 2 TL,6700,30
GOODYEAR,165,80,14,85T DURAPLUS TL,6700,30
GOODYEAR,175,65,14,82T ASSURANCE DURAPLUS TL,6700,30
GOODYEAR,175,65,14,82H ASSURANCE TRIPLEMAX 2 TL,6700,30
GOODYEAR,175,65,14,82H ASSU TRIPLEMAX2 TL,6700,30
GOODYEAR,175,70,14,84T DURAPLUS TL,6700,30
GOODYEAR,175,70,14,84H ASSURANCE TRIPLEMAX 2 TL,6700,30
GOODYEAR,185,65,14,86H ASSURANCE TRIPLEMAX 2 TL,6700,30
GOODYEAR,185,70,14,88H ASSURANCE TRIPLEMAX 2 TL,6700,30
GOODYEAR,185,70,14,88H ASSU TRIPLEMAX TL,6700,30
GOODYEAR,185,70,14,88H ASSURANCE DURAPLUS TL,6700,30
GOODYEAR,185,70,14,88T ASSURANCE TRIPLEMAX TL,6700,30
GOODYEAR,175,60,15,81T ASSURANCE TRIPLEMAX TL,6700,30
GOODYEAR,175,60,15,81H ASSU TRIPLEMAX TL,6700,30
GOODYEAR,175,65,15,84T ASSURANCE TRIPLEMAX 2 TL,6700,30
GOODYEAR,175,65,15,84T ASSURANCE TRIPLEMAX TL,6700,30
GOODYEAR,185,60,15,84T GOODYEAR DP-V1 TL,6700,30
GOODYEAR,185,60,15,84H ASSURANCE TRIPLEMAX 2 TL,6700,30
GOODYEAR,185,60,15,84H ASSURANCE TRIPLEMAX 2 TL,6700,30
GOODYEAR,185,60,15,84H ASSU TRIPLEMAX TL,6700,30
GOODYEAR,185,65,15,88H ASSURANCE TRIPLEMAX TL,6700,30
GOODYEAR,185,65,15,88S DURAPLUS TL,6700,30
GOODYEAR,185,65,15,88H ASSU TRIPLEMAX2 TL,6700,30
GOODYEAR,195,60,15,88T ASSURANCE TRIPLEMAX 2 TL,6700,30
GOODYEAR,195,65,15,91H ASSURANCE TRIPLEMAX TL,6700,30
GOODYEAR,195,65,15,91H ASSU TRIPLEMAX2 TL,6700,30
GOODYEAR,195,65,15,91T ASSURANCE TL,6700,30
GOODYEAR,205,65,15,99H ASSURANCE DURAPLUS 2 XL TL,6700,30
GOODYEAR,215,75,15,100S WRL RTS	TL,6700,30
GOODYEAR,215,75,15,100S WRL AT SILENTTRAC TL,6700,30
GOODYEAR,215,75,15,100H WRL TRIPLEMAX TL,6700,30
GOODYEAR,215,75,15,100H WRL TRIPLEMAX TL,6700,30
GOODYEAR,215,75,15,100H WRL TRIPLEMAX TL,6700,30
GOODYEAR,235,75,15,105S WRL RTS TT,6700,30
GOODYEAR,235,75,15,105S WRL RTS	TL,6700,30
GOODYEAR,235,75,15,109T WRL AT SILENTTRAC XL,6700,30
GOODYEAR,185,55,16,87H ASSU TRIPLEMAX2 XL TL,6700,30
GOODYEAR,185,60,16,86H ASSU TRIPLEMAX2 FP TL,6700,30
GOODYEAR,195,55,16,87V ASSU TRIPLEMAX FP TL,6700,30
GOODYEAR,195,55,16,87H ASSURANCE TRIPLEMAX FP TL,6700,30
GOODYEAR,195,55,16,87H ASSU TRIPLEMAX2 TL,6700,30
GOODYEAR,195,55,16,87H ASSU TRIPLEMAX2 TL,6700,30
GOODYEAR,195,60,16,89H ASSU TRIPLEMAX TL,6700,30
GOODYEAR,195,60,16,89H ASSURANCE TRIPLEMAX TL,6700,30
GOODYEAR,205,55,16,91H ASSU TRIPLEMAX2 FP TL,6700,30
GOODYEAR,205,55,16,91V EAGLE NCT5 FP RHD TL,6700,30
GOODYEAR,205,55,16,91V ASSURANCE TRIPLEMAX 2 FP TL,6700,30
GOODYEAR,205,55,16,91V EFFICIENTGRIP MOE ROF TL,6700,30
GOODYEAR,205,60,16,92H ASSURANCE FP TL,6700,30
GOODYEAR,205,60,16,92H ASSURANCE FP TL,6700,30
GOODYEAR,205,60,16,92H ASSU TRIPLEMAX2 TL,6700,30
GOODYEAR,205,65,16,95H ASSU TRIPLEMAX TL,6700,30
GOODYEAR,215,60,16,95H EXCELLENCE TL,6700,30
GOODYEAR,215,65,16,98H WRL AT SILENTTRAC TL,6700,30
GOODYEAR,215,65,16,98H EFFIGRIP SUV FP TL,6700,30
GOODYEAR,215,65,16,98V EFFIGRIP PERF SUV FP TL,6700,30
GOODYEAR,225,55,16,95Y ASSU COMFTRED FP TL,6700,30
GOODYEAR,225,55,16,95Y EFFICIENTGRIP FP TL,6700,30
GOODYEAR,235,70,16,106H WRL TRIPLEMAX FP TL,6700,30
GOODYEAR,235,70,16,106T WRL AT SILENTTRAC TL,6700,30
GOODYEAR,245,70,16,111T WRL AT SILENTTRAC XL TL,6700,30
GOODYEAR,205,50,17,93W ASSU TRIPLEMAX2 XL FP TL,6700,30
GOODYEAR,205,55,17,91H ASSU TRIPLEMAX2 TL,6700,30
GOODYEAR,205,55,17,91V ASSU TRIPLEMAX2 TL,6700,30
GOODYEAR,215,55,17,94V ASSU TRIPLEMAX2 FP TL,6700,30
GOODYEAR,215,55,17,94V ASSU TRIPLEMAX2 FP TL,6700,30
GOODYEAR,215,60,17,96H ASSURANCE TRIPLEMAX RHD TL,6700,30
GOODYEAR,215,60,17,96H ASSU TRIPLEMAX TL,6700,30
GOODYEAR,225,45,17,94Y ASSU COMFTRED XL FP TL,6700,30
GOODYEAR,225,45,17,94W EAG F1 SPORT XL FP TL,6700,30
GOODYEAR,225,45,17,91Y EXCELLENCE MOE ROF FP TL,6700,30
GOODYEAR,225,50,17,98Y ASSU COMFTRED XL FP TL,6700,30
GOODYEAR,225,50,17,94W EFFIGRIP PERF MOE ROF TL,6700,30
GOODYEAR,225,55,17,97Y ASSU COMFTRED FP TL,6700,30
GOODYEAR,225,55,17,97Y EXCELLENCE * ROF FP TL,6700,30
GOODYEAR,225,60,17,99H WRL AT SILENTTRAC TL,6700,30
GOODYEAR,225,65,17,102H EFFICIENTGRIP SUV FP TL,6700,30
GOODYEAR,225,65,17,102H EFFIGRIP PERF SUV FP TL,6700,30
GOODYEAR,235,55,17,103W ASSU COMFTRED XL FP TL,6700,30
GOODYEAR,235,65,17,104H WRL TRIPLEMAX FP TL,6700,30
GOODYEAR,235,65,17,104H WRL AT SILENTTRAC TL,6700,30
GOODYEAR,245,45,17,99Y ASSU COMFTRED XL FP TL,6700,30
GOODYEAR,245,45,17,95W EFFICIENTGRIP FP TL,6700,30
GOODYEAR,265,65,17,112H WRL TRIPLEMAX FP TL,6700,30
GOODYEAR,265,65,17,112S WRL AT SILENTTRAC TL,6700,30
GOODYEAR,215,55,18,95H EFFIGRIP PERF FP TL,6700,30
GOODYEAR,225,50,18,95W EAG F1 ASY 3 *RSC ROF FP TL,6700,30
GOODYEAR,235,50,18,97W EFFIGRIP PERF SUV FP TL,6700,30
GOODYEAR,235,55,18,100V EFFIGRIP PERF SUV FP TL,6700,30
GOODYEAR,235,60,18,107W EFFIGRIP PERF SUV XL FP TL,6700,30
GOODYEAR,245,40,18,93Y EAGLE NCT5 (ASYMM) * ROFFP TL,6700,30
GOODYEAR,245,45,18,100Y ASSU COMFTRED XL FP TL,6700,30
GOODYEAR,245,45,18,100Y EAG F1 ASY 3 *MOE XLROFFP TL,6700,30
GOODYEAR,255,55,18,109Y EFFIGRIP PERF SUV XL FP TL,6700,30
GOODYEAR,255,55,18,109Y EAG F1 SPORT XL FP TL,6700,30
GOODYEAR,255,55,18,109V EAG F1 ASY SUV * XL ROFFP TL,6700,30
GOODYEAR,255,60,18,112V EFFIGRIP PERF SUV XL FP TL,6700,30
GOODYEAR,265,60,18,110H WRL AT SILENTTRAC TL,6700,30
GOODYEAR,275,40,18,99Y EAG F1 ASY 3 *MOE ROF FP TL,6700,30
GOODYEAR,235,55,19,105V EFFIGRIP PERF SUV XL FP TL,6700,30
GOODYEAR,245,45,19,102Y EFFICIENTGRIP MOE XLROFFP TL,6700,30
GOODYEAR,255,50,19,107Y EFFIGRIP PERF SUV XL FP TL,6700,30
GOODYEAR,255,50,19,103Y EFFIGRIP *RSC ROF FP TL,6700,30
GOODYEAR,255,55,19,111V EFFIGRIP PERF SUV XL FP TL,6700,30
GOODYEAR,265,50,19,110Y EAG F1 ASY SUV AO XL FP TL,6700,30
GOODYEAR,275,40,19,101Y EFFICIENTGRIP MOE ROF FP TL,6700,30
GOODYEAR,255,50,21,106W EAGLE NCT5 * EMT FP TL,6700,30
GOODYEAR,285,45,21,109W EAG NCT5 *RSC EMT FP TL,6700,30
CEAT,295,80,22.5,WINMILE-R TL 16PR,6700,30
CEAT,295,80,22.5,WINMILE D TL 16PR,6700,30
CEAT,295,80,22.5,RD 120  TL 16PR,6700,30
CEAT,295,80,22.5,RD216 TL 16PR,6700,30
CEAT,295,90,20,WINMILE AW TT,6700,30
CEAT,295,90,20,WINMILE R TT,6700,30
CEAT,295,90,20,WINSUPER D TT,6700,30
CEAT,295,90,20,WINSUPER X3-D TT,6700,30
CEAT,295,90,20,RD 219  TT,6700,30
CEAT,295,90,20,WINMILE X3-D TT,6700,30
CEAT,295,90,20,WINLOAD X3-D TT,6700,30
CEAT,235,75,17.5,MILAZE 16PR TL,6700,30
CEAT,135,70,12,MILAZE  TL 65S,6700,30
CEAT,155,65,12,MILAZE  TL 71S,6700,30
CEAT,155,80,13,MILAZE TL 79T,6700,30
CEAT,175,60,15,SECURADRIVE TL 81H,6700,30
CEAT,185,60,15,SECURADRIVE  TL 84H,6700,30
CEAT,185,65,15,SECURADRIVE TL 88H,6700,28
CEAT,195,55,16,SECURADRIVE TL 87V,6700,30
CEAT,205,55,16,SECURADRIVE TL 91V,6700,30
CEAT,195,65,15,SECURADRIVE TL 91V,6700,30
CEAT,195,60,15,SECURADRIVE TL 88V,6700,30
CEAT,195,60,16,SECURADRIVE TL 89V,6700,30
CEAT,145,80,13,FUELSMARRT TL 75T,6700,30
CEAT,155,65,14,FUELSMARRT TL 75T,6700,30
CEAT,155,70,13,FUELSMARRT TL 75T,6700,26
CEAT,155,80,13,FUELSMARRT TL 79T,6700,30
CEAT,165,65,14,FUELSMARRT TL 79T,6700,30
CEAT,165,70,14,FUELSMARRT TL 81T,6700,30
CEAT,165,80,14,FUELSMARRT TL 85T,6700,30
CEAT,175,65,14,FUELSMARRT TL 82H,6700,30
CEAT,175,70,14,FUELSMARRT TL 84H,6700,30
CEAT,185,60,15,FUELSMARRT TL 88H,6700,30
CEAT,185,65,15,FUELSMARRT TL 88T,6700,30
CEAT,145,70,12,MILAZE X3 TL 69T,6700,30
CEAT,145,70,12,MILAZE X3 TT 69T,6700,30
CEAT,145,70,13,MILAZE X3 TL 71T,6700,30
CEAT,145,70,13,MILAZE X3 TT 71T,6700,30
CEAT,145,80,12,MILAZE X3 TL 74T,6700,30
CEAT,145,80,12,MILAZE X3 TT 74T,6700,30
CEAT,145,80,13,MILAZE X3 TL 75T,6700,30
CEAT,155,65,14,MILAze X3 TL 75T,6700,30
CEAT,155,65,13,MILAZE X3 TL 73T,6700,30
CEAT,155,70,13,MILAZE X3 TL 75T,6700,30
CEAT,155,70,13,MILAZE X3 TT 75T,6700,30
CEAT,155,80,13,MILAze X3 TL 79T,6700,30
CEAT,165,65,13,MILAZE X3 TL 77T,6700,30
CEAT,165,65,13,MILAZE X3 TT 77T,6700,30
CEAT,165,65,14,MILAZE X3 TL 79T,6700,30
CEAT,165,70,14,MILAZE X3 TL 81T,6700,30
CEAT,165,80,14,MILAZE X3 TL 85S,6700,30
CEAT,165,80,14,MILAZE X3 TT 85S,6700,30
CEAT,175,65,14,MILAZE X3 TL 82T,6700,30
CEAT,175,65,14,MILAZE X3 TT 82T,6700,30
CEAT,175,65,15,MILAZE X3 TL 84T,6692,35
CEAT,175,70,14,MILAze X3 TL 84H,6700,30
CEAT,175,70,13,MILAZE X3 TL 82T,6700,30
CEAT,185,65,14,MILAZE X3 TL 86T,6700,30
CEAT,185,70,14,MILAZE X3 TL 88T,6700,30
CEAT,205,65,16,MILAze X3 TL 95H,6700,30
CEAT,185,65,15,MILAZE X3 TL 88T,6700,30
CEAT,205,45,17,SPORTDRIVE TL 88Y XL,6700,30
CEAT,205,45,17,SPORTDRIVE TL 88Y XL,6700,30
CEAT,205,50,17,SPORTDRIVE TL 93Y XL,6700,30
CEAT,215,45,17,SPORTDRIVE TL 91Y XL,6700,30
CEAT,215,50,17,SPORTDRIVE TL 95Y XL,6700,30
CEAT,215,50,18,SPORTDrive TL 92W,6700,30
CEAT,225,45,17,SPORTDRIVE TL 94Y XL,6700,30
CEAT,225,45,17,SPORTDRIVE TL 94Y XL,6700,30
CEAT,225,50,17,SPORTDRIVE TL 98Y XL,6700,30
CEAT,225,50,17,SPORTDRIVE TL 98Y XL,6700,30
CEAT,225,50,18,SPORTDrive TL 99W XL,6700,30
CEAT,225,55,16,SPORTDRIVE   TL  99Y XL,6700,30
CEAT,225,55,16,SPORTDRIVE TL 99W XL,6700,30
CEAT,225,55,17,SPORTDRIVE TL 101W XL,6700,30
CEAT,225,55,17,SPORTDRIVE TL 101W XL,6700,30
CEAT,225,55,17,SPORTDRIVE TL 101Y XL,6700,30
CEAT,225,55,18,SPORTDRIVE TL 102W XL,6700,30
CEAT,235,35,19,SPORTDRIVE   TL  91Y XL,6700,30
CEAT,235,45,17,SPORTDRIVE TL 97Y XL,6700,30
CEAT,235,45,18,SPORTDRIVE TL 98Y XL,6700,30
CEAT,235,55,18,SPORTDRIVE TL 104W XL,6700,30
CEAT,245,40,18,SPORTDRIVE TL 97Y XL,6700,30
CEAT,245,40,18,SPORTDRIVE TL 97Y XL,6700,30
CEAT,245,45,17,SPORTDRIVE TL 99Y XL,6700,30
CEAT,245,45,17,SPORTDRIVE TL 99Y XL,6700,30
CEAT,245,45,19,SPORTdrive TL 102Y XL,6700,30
CEAT,245,50,18,SPORTDrive TL 104W XL,6700,30
CEAT,255,35,19,SPORTDRIVE   TL  96W XL,6700,30
CEAT,255,35,20,SPORTDRIVE   TL  97Y XL,6700,30
CEAT,255,40,18,SPORTDrive TL 99Y XL,6700,30
CEAT,255,40,19,SPORTDRIVE   TL 100Y XL,6700,30
CEAT,185,85,16,MILAZE LT  TT 105Q,6700,30
CEAT,205,60,16,CZAR HP TL 92H,6696,30
CEAT,205,65,15,CZAR HT1 TL 94S,6700,30
CEAT,205,65,15,GRIPP LN TL 94V,6700,30
CEAT,205,65,15,MILAZE X3 TL 94S,6700,30
CEAT,205,65,16,CZAR HP TL 95H,6700,30
CEAT,205,65,16,MILAZE X3  TL 95H,6700,30
CEAT,215,60,16,SECURA DRIVE TL 95H,6700,30
CEAT,215,60,16,SECURADRIVE TL 99V XL,6700,30
CEAT,215,60,17,CZAR HP TL 96H,6700,30
CEAT,215,65,16,CZAR SPORT TL 98H,6700,30
CEAT,215,70,16,CZAR HP TL 100H,6700,30
CEAT,215,75,15,CZAR AT TL 100S,6700,30
CEAT,215,75,15,CZAR HP TL 100H,6700,30
CEAT,215,75,15,CZAR HT TL 100S,6700,30
CEAT,215,75,15,CZAR HT TT 100S,6700,30
CEAT,215,75,15,FI STEEL BT LT TL ,6700,30
CEAT,215,75,15,FI STEEL BT LT TT ,6700,30
CEAT,215,75,15,FI STEEL BT TL 100S,6700,30
CEAT,215,75,15,FI STEEL BT TT 100S,6700,30
CEAT,215,75,15,MILAZE LT TT 103S,6700,30
CEAT,235,65,17,CZAR AT TL 104H,6700,30
CEAT,235,65,17,CZAR HP TL 104H,6700,30
CEAT,235,75,15,RHINO TT 105S,6700,30
CEAT,235,75,15,RHINO  TL 105S,6700,30
CEAT,235,75,15,MILAZE TT 105S,6700,30
CEAT,235,70,16,CZAR HT TL 1005,6700,30
CEAT,235,70,16,CZAR AT TL 105S,6700,30
CEAT,245,70,16,CZAR AT TL 111S,6700,30
CEAT,245,75,16,CZAR AT  TL 111H MM,6700,30
CEAT,255,65,18,CZAR AT  TL 111H,6700,30
CEAT,265,60,18,CZAR AT TL 110H,6700,26
CEAT,265,65,17,CZAR AT TL 112S,6700,30
CEAT,215,65,16,SECURADRIVE SUV TL 98H,6700,30
CEAT,205,65,16,SECURADRIVE SUV TL 95H,6700,30
CEAT,235,65,17,SECURADRIVE SUV TL 104H,6700,30
CEAT,215,60,17,SECURADRIVE SUV TL 96H,6700,30
CEAT,215,55,17,SECURADRIVE SUV TL 94V,6700,30
CEAT,205,60,16,SECURADRIVE SUV TL 92H,6700,30
CEAT,225,60,18,SPORTDrive SUV TL 104W XL,6700,30
CEAT,235,55,18,SPORTDRIVE SUV TL 104W XL,6700,30
CEAT,235,55,19,SPORTDrive SUV TL 105W XL,6700,30
CEAT,235,60,18,SPORTDRIVE SUV TL 107W XL,6700,30
CEAT,245,45,20,SPORTdrive SUV TL 103W XL,6700,30
CEAT,245,60,18,SPORTdrive SUV TL 105V,6700,30
CEAT,255,45,20,SPORTdrive SUV TL 105W XL,6700,30
CEAT,255,50,19,SPORTdrive SUV TL 107W XL,6700,30
CEAT,255,55,18,SPORT DRIVE TL 109W XL,6700,30
CEAT,255,55,19,SPORTdrive SUV TL 111W XL,6700,30
CEAT,140,60,17,ZOOM RAD TL 63P,6700,30
CEAT,150,60,17,ZOOM RAD X1 TL 66H,6700,30
CEAT,110,70,17,ZOOM RAD X1 F TL 54H,6700,30
CEAT,135,70,12,MILAZE TL 65S,6700,30
CEAT,145,70,12,MILAZE X3  TT 69T,6700,30
CEAT,145,70,12,MILAZE X3 TL 69T,6700,30
CEAT,145,70,13,MILAZE X3  TT 71T,6700,30
CEAT,145,70,13,MILAZE X3 TL 71T,6700,30
CEAT,145,80,12,MILAZE X3 TL 74T,6700,30
CEAT,145,80,12,MILAZE X3 TT 74T,6700,30
CEAT,145,80,13,MILAZE X3  TL 75T,6700,30
CEAT,155,65,12,MILAZE   TL 71S,6700,30
CEAT,155,65,13,MILAZE X3  TL 73T,6700,30
CEAT,155,65,14,MILAZE X3  TL 75T,6700,30
CEAT,155,70,13,MILAZE X3  TT 75T,6700,30
CEAT,155,70,13,MILAZE X3 TL 75T,6700,30
CEAT,155,80,13,MILAZE X3 TL 79T,6700,30
CEAT,165,65,13,MILAZE X3  TT 77T,6700,30
CEAT,165,65,13,MILAZE X3 TL 77T,6700,30
CEAT,165,65,14,MILAZE X3 TL 79T,6700,30
CEAT,165,65,14,MILAZE X3 TL 79T SW,6700,30
CEAT,165,70,14,MILAZE X3 TL 81T,6700,30
CEAT,165,80,14,MILAZE X3 TL 85S,6700,30
CEAT,165,80,14,MILAZE X3 TL 85S N,6700,30
CEAT,175,60,15,SECURADRIVE TL 81H,6700,30
CEAT,175,65,14,MILAZE X3 TL 82T,6700,30
CEAT,175,65,14,MILAZE X3 TL 82T SW,6700,30
CEAT,175,65,15,MILAZE X3  TL 84T,6700,30
CEAT,175,65,15,MILAZE X3 TL 84T SW,6700,30
CEAT,175,70,13,MILAZE X3 TL 82T,6700,30
CEAT,175,70,14,MILAZE X3 TL 84T,6700,30
CEAT,185,55,16,SECURADRIVE  TL 83V,6700,30
CEAT,185,60,15,SECURADRIVE  TL 84H,6700,30
CEAT,185,65,14,MILAZE X3 TL 86T,6700,30
CEAT,185,65,15,MILAZE X3 TL 88T,6700,30
CEAT,185,65,15,SECURADRIVE  TL 88H R,6700,30
CEAT,185,65,15,SECURADRIVE  TL 88H R,6700,30
CEAT,185,70,14,MILAZE X3 TL 88T,6700,30
CEAT,185,70,15,SECURADRIVE  TL 89H T,6700,30
CEAT,195,55,16,SECURADRIVE  TL 87V K,6700,30
CEAT,195,60,15,SECURADRIVE  TL 88V,6700,30
CEAT,195,65,15,SECURADRIVE  TL 91H,6700,30
CEAT,195,65,15,SECURADRIVE TL 91V,6700,30
CEAT,205,55,16,SECURADRIVE TL 91V,6700,30
CEAT,185,85,16,MILAZE LT  TT 105Q,6700,30
CEAT,195,60,16,SECURADRIVE TL 89V,6700,30
CEAT,205,60,16,CZAR HP  TL 92H,6700,30
CEAT,205,60,16,CZAR SPORT  TL 92H,6700,30
CEAT,205,60,16,SECURADRIVE SUV TL 92H,6700,30
CEAT,205,65,15,MILAZE X3 TL 94S,6700,30
CEAT,205,65,15,MILAZE X3 TL 94S TWI,6700,30
CEAT,205,65,16,MILAZE X3  TL 95H,6700,30
CEAT,215,55,17,SECURADRIVE SUV TL 94V,6700,30
CEAT,215,60,16,SECURADRIVE TL 95H,6700,30
CEAT,215,60,16,SECURADRIVE TL 95H,6700,30
CEAT,215,60,17,CZAR HP  TL 96H,6700,30
CEAT,215,60,17,SECURADRIVE SUV TL 96H,6700,30
CEAT,215,65,16,CZAR SPORT  TL 98H,6700,30
CEAT,215,65,16,SECURADRIVE SUV TL 98H,6700,30
CEAT,215,75,15,CZAR HP  TL 100H,6700,30
CEAT,215,75,15,CZAR HT  TT 100S,6700,30
CEAT,215,75,15,CZAR HT TL 100S,6700,30
CEAT,215,75,15,F1 STEEL BT  TL 100S,6700,30
CEAT,215,75,15,F1 STEEL BT LT  TL 113S,6700,30
CEAT,215,75,15,F1 STEEL BT TT 100S,6700,30
CEAT,215,75,15,MILAZE  TL 113S,6700,30
CEAT,215,75,15,MILAZE LT TT 113S,6700,30
CEAT,225,60,17,CZAR HP TL 99H,6700,30
CEAT,235,65,17,CZAR AT TL 104H SW,6700,30
CEAT,235,65,17,CZAR HP TL 104H,6700,30
CEAT,235,65,17,CZAR HT TL 104H,6700,30
CEAT,235,65,17,SECURADRIVE SUV TL 104H,6700,30
CEAT,235,70,16,CZAR AT TL 105S,6700,30
CEAT,235,75,15,MILAZE TT 105S,6700,30
CEAT,245,75,16,CZAR AT  TL 111H MM,6700,30
CEAT,255,65,18,CZAR AT  TL 111H,6700,30
CEAT,255,65,18,CZAR AT TL 111H MM Black,6700,30
CEAT,265,60,18,CZAR AT TL 110S SW,6700,30
CEAT,265,65,17,CZAR AT TL 112S SW,6700,30
BRIDGESTONE,135,70,12, 65T Sturdo TL PSROD 769,6700,30
BRIDGESTONE,145,70,12, 69S S322 TT PSR0D252/018,6700,30
BRIDGESTONE,145,80,12, 74H ER60 TL PSROD 357,6700,30
BRIDGESTONE,145,80,12, 74S S248 TT PSR0D338/358,6700,30
BRIDGESTONE,145,80,12, 74S S248 TO PSROD 3583,6700,30
BRIDGESTONE,145,80,12, 74T Sturdo TL PSR0D77,6700,30
BRIDGESTONE,155,65,12, 71T Sturdo TL PSROD 7 T3,6700,30
BRIDGESTONE,165,60,12, 71H G3 TL PSROD 359,6700,30
BRIDGESTONE,145,70,13, 071T EP150 TL PSR0D631,6700,30
BRIDGESTONE,145,70,13, 71T Sturdo TL PSROD 770,6700,30
BRIDGESTONE,145,80,13, 75T Sturdo TL PSROD 772,6700,30
BRIDGESTONE,155,65,13, 73T Sturdo TL PSROD 774,6700,30
BRIDGESTONE,155,70,13, 075T EP150 TL PSR0D632,6700,30
BRIDGESTONE,155,70,13, 75T Sturdo TL PSR0D7 76,6700,30
BRIDGESTONE,155,80,13, 079T EP150 TL PSR0D64,6700,30
BRIDGESTONE,155,80,13, 79T B250 TL PSR0D331,6700,30
BRIDGESTONE,155,80,13, 79T Sturdo TL PSROD 778,6700,30
BRIDGESTONE,165,60,13, 73H MY02 TL PSR0D580,6700,30
BRIDGESTONE,165,65,13, 77T S322 TT PSR0D260/510/100,6700,30
BRIDGESTONE,165,65,13, 77T Sturdo TL PSROD 7 79,6700,30
BRIDGESTONE,165,80,13, 83S S248 TT PSROD 248,6700,30
BRIDGESTONE,175,60,13, 77H MY02 TL AII/PSR0D590,6700,30
BRIDGESTONE,175,70,13, 82S B250 TL PSROD 283,6700,30
BRIDGESTONE,175,70,13, 82T Sturdo TL PSR0DT86,6700,30
BRIDGESTONE,155,65,14, 75T Sturdo TL PSROD 775,6700,30
BRIDGESTONE,155,70,14, 77T Sturdo TL PSR0D7 77,6700,30
BRIDGESTONE,155,65,14, 79T S322 TL PSR0D435/558/622P,6700,30
BRIDGESTONE,165,65,14, 79H Sturdo TL PSROD 780,6700,30
BRIDGESTONE,165,70,14, 81S EPJ 50 TL PSROD 734,6700,30
BRIDGESTONE,165,70,14, 81T Sturdo TL PSROD 781,6700,30
BRIDGESTONE,165,80,14, 85H EP150 TL PSR0D640/664/726,6700,30
BRIDGESTONE,165,80,14, 85T S248 TL PSR0D306,6700,30
BRIDGESTONE,165,80,14, 85T S248 TT PSR0DZ49/066,6700,30
BRIDGESTONE,165,80,14, 85T Sturdo TL PSROD 782,6700,30
BRIDGESTONE,165,65,14, 82T B250 TL PSR0D287/422/0T 5/666/738,6700,30
BRIDGESTONE,175,65,14, 82H EP150 TL PSR0D630/707,6700,30
BRIDGESTONE,175,65,14, 82T Sturdo TL PSROD 764,6700,30
BRIDGESTONE,175,70,14, 84T B250 TL PSR0D,6700,30
BRIDGESTONE,175,70,14, 84T Sturdo TL PSROD 787,6700,30
BRIDGESTONE,185,60,14, 82H MY02 TL AII/PSR0D591,6700,30
BRIDGESTONE,185,65,14, 86T EP150 TL PSR0D637,6700,30
BRIDGESTONE,185,65,14, 86T Sturdo TL PSROD 789,6700,30
BRIDGESTONE,185,70,14, 088T EP150 TL PSR0D633,6700,30
BRIDGESTONE,185,70,14, 88T B250 TL PSR0D603,6700,30
BRIDGESTONE,185,70,14, 88T Sturdo TL PSROD 791,6700,30
BRIDGESTONE,185,70,14, 88H ER60 TL PSR0D319/382,6700,30
BRIDGESTONE,185,70,14, 88H MY02 TL PSR0D589,6700,30
BRIDGESTONE,195,60,14, 86H MY02 TL PSR0D004,6700,30
BRIDGESTONE,205,60,14, 89H G3 TL PSR0D390,6700,30
BRIDGESTONE,165,80,15, 87S B800 TT PSR0D251,6700,30
BRIDGESTONE,175,60,15, 81H B250 TL PSR0D340/399/459/460/489/471/470/683/741,6700,30
BRIDGESTONE,175,60,15, 81H Sturdo TL PSROD 783,6700,30
BRIDGESTONE,175,65,15, 84T B250 TL PSR0D423,6700,30
BRIDGESTONE,175,65,15, 84T Sturdo TL PSR0D785,6700,30
BRIDGESTONE,175,65,15, 84H EP150 TL PSR0D654/708,6700,30
BRIDGESTONE,185,60,15, 084T EP150 TL PSR0D636,6700,30
BRIDGESTONE,185,60,15, 84T B250 TL PSR0D348/400/601/663/67 T,6700,30
BRIDGESTONE,185,60,15, 84T Sturdo TL PSROD 788,6700,30
BRIDGESTONE,185,60,15, 84H ER300 TL PSR0D421,6700,30
BRIDGESTONE,185,65,15, 88T EP150 TL PSR0D638/PSR0D665/PSR0D699/695/749,6700,30
BRIDGESTONE,185,65,15, 88H B250 TL PSR0D436/432/427/E70/602,6700,30
BRIDGESTONE,185,65,15, B8H Sturdo TL PSR0D790,6700,30
BRIDGESTONE,195,60,15, 88H ER60 TL PSR0D323/402,6700,30
BRIDGESTONE,195,60,15, 88V RE88 TL PSR0D267/339/403,6700,30
BRIDGESTONE,195,60,15, 88T EP150 TL PSR0D648,6700,30
BRIDGESTONE,195,60,15, 88T Sturdo TL PSROD 793,6700,30
BRIDGESTONE,195,65,15, 91H B250 TL PSR0D289/336/395,6700,30
BRIDGESTONE,195,65,15, 91H T001 TL PSROD 490,6700,30
BRIDGESTONE,195,65,15, 91T EP150 TL PSR0D669,6700,30
BRIDGESTONE,195,65,15, 91H Sturdo TL PSR0D794,6700,30
BRIDGESTONE,205,65,15, 94T EP150 TL PSR0D65 T,6700,30
BRIDGESTONE,205,65,15, 94S B390 TL PSR0D293/397/567P/585/568P/6\ 5P/743,6700,30
BRIDGESTONE,205,65,15, 94H B390 TT PSR0D294/PSR0D223,6700,30
BRIDGESTONE,205,65,15, 94H ER60 TL PSR0D3t2/398,6700,30
BRIDGESTONE,215,70,15, C 109 107S R623 TL LVR0DE26/084/086/087/095,6700,30
BRIDGESTONE,215,75,15, 100S D689 TL PSR0D434/482P/481/740/747/767,6700,30
BRIDGESTONE,215,75,15, 100 97Q D689 TL LVR0D068/080/088/089,6700,30
BRIDGESTONE,215,75,15, 100S D689 TT PSR0D295/296/517,6700,30
BRIDGESTONE,215,75,15, 106 03Q D689 TT LVR0D064/73/79,6700,30
BRIDGESTONE,215,75,15, 106S P.Cab TT LVR0D083/083P,6700,30
BRIDGESTONE,215,75,15, 100S D693II TL PSR0D326/39 \/570,6700,30
BRIDGESTONE,225,60,15, 96H ER60 TL PSR0D324/407,6700,30
BRIDGESTONE,235,75,15, 105S D689 TL PSROD 298,6700,30
BRIDGESTONE,235,75,15, 105S D689 TT PSR0D297,6700,30
BRIDGESTONE,235,75,15, TL 109H EP850 TL PSROLC 81,6700,30
BRIDGESTONE,265,70,15, TL 112H D683 TL PSR T 2390,6700,30
BRIDGESTONE,185,55,16, 83H EP150 TL PSR0D662/730,6700,30
BRIDGESTONE,195,55,16, 87V EP150 TL PSR0D698,6700,30
BRIDGESTONE,195,55,16, 87V B250 TL PSR0D429/E6l/604,6700,30
BRIDGESTONE,195,55,16, 87H Sturdo TL PSROD 792,6700,30
BRIDGESTONE,195,60,16, 89H EP150 TL PSR0D673,6700,30
BRIDGESTONE,195,60,16, 89H T001 TL PSROD 712/737,6700,30
BRIDGESTONE,195,55,16, 91H Sturdo TL PSROD 795,6700,30
BRIDGESTONE,205,55,16, 91T EP150 TL PSR0D67,6700,30
BRIDGESTONE,205,55,16, 91V T005 TL PSR0F978/0LF12/1684,6700,30
BRIDGESTONE,205,60,16, 92H G3 TL PSR0D308/408,6700,30
BRIDGESTONE,205,60,16, 92V T005 TL PSR0LF24,6700,30
BRIDGESTONE,205,65,16, 95H DHP TL PSROD 721,6700,30
BRIDGESTONE,205,65,16, 95S B390 TL PSR0D620/729,6700,30
BRIDGESTONE,215,55,16, 93V T005 TL PSR0LF25,6700,30
BRIDGESTONE,215,60,16, 95H T001 TL PSR0D696/736,6700,30
BRIDGESTONE,215,60,16, 95T EP150 TL PSR0D668,6700,30
BRIDGESTONE,215,65,16, 98H T001 TL PSR0D700/709/399,6700,30
BRIDGESTONE,215,65,16, 98T D684 TL,6700,30
BRIDGESTONE,225,50,16, 92W T001 TL PSR15168,6700,30
BRIDGESTONE,225,55,16, 99V TOOSA TL PSROD 762,6700,30
BRIDGESTONE,225,60,16, 98V T005 TL PSR0F982/0F982/16T 87,6700,30
BRIDGESTONE,235,60,16, 100H EP850 TL PSROLC 82,6700,30
BRIDGESTONE,235,70,16, 105S D689 TL PSR0D300/301/304/318/PSR0DE07,6700,30
BRIDGESTONE,235,70,16, 105S D689 TT PSROD 303,6700,30
BRIDGESTONE,235,70,16, 106H EP850 TL PSR0D7 20,6700,30
BRIDGESTONE,235,70,16, 109S D689 TL PSR0D302/411/485/488,6700,30
BRIDGESTONE,245,70,16, 11H EP850 TL PSR0LB85,6700,30
BRIDGESTONE,255,65,16, 109H EP850 TL PSR0LB84,6700,30
BRIDGESTONE,265,70,16, 112H D683 TL,6700,30
BRIDGESTONE,205,40,17, 84Y S001 TL PSRT 4654,6700,30
BRIDGESTONE,205,50,17, 93H EP150 TL PSR0D694/718/807,6700,30
BRIDGESTONE,215,45,17, 91Y S001 TL PSR14856,6700,30
BRIDGESTONE,215,55,17, 94V T001 TL PSR0D644/682/722/746/8J 7,6700,30
BRIDGESTONE,215,60,17, 96H DHP TL PSR0D62 I/PSR0D697,6700,30
BRIDGESTONE,225,45,17, 91W TOOSA TL PSR0F980/0LF14/16T 90/PSR0D757,6700,30
BRIDGESTONE,225,50,17, 98W TOOSA TL PSR0D76 T,6700,30
BRIDGESTONE,225,55,17, 97W TOOSA TL PSROD 763,6700,30
BRIDGESTONE,225,60,17, 99H T001 TL PSR0D702/710/800,6700,30
BRIDGESTONE,225,60,17, 99H DHP Sport TL PSR 16318,6700,30
BRIDGESTONE,225,65,17, 102H EP850 TL PSROD 753,6700,30
BRIDGESTONE,225,65,17, 102T D470Z TL PSR12370/ 15238,6700,30
BRIDGESTONE,235,45,17, 97Y S001 TL PSR14652,6700,30
BRIDGESTONE,235,55,17, 99V Alenza 001 TL PSROD 760,6700,30
BRIDGESTONE,235,65,17, 104H D684 TL PSR0D,6700,30
BRIDGESTONE,235,65,17, 108H EP850 TL,6700,30
BRIDGESTONE,235,65,17, 104H EP850 TL PSROD 751,6700,30
BRIDGESTONE,235,65,17, 04H Ecopia H/L 422 Plus TL,6700,30
BRIDGESTONE,245,40,17, 91Y S001 TL PSR T 4227,6700,30
BRIDGESTONE,245,45,17, 95W TOOSA TL PSROD 759,6700,30
BRIDGESTONE,245,65,17, 107H Ecopia H/L 422 Plus TL PSR0D808,6700,30
BRIDGESTONE,255,65,17, 110S D840 TL PSROLD 73,6700,30
BRIDGESTONE,265,65,17, 112H EP850 TL PSR0D611,6700,30
BRIDGESTONE,265,65,17, 112S D693 TL PSR0D658/798,6700,30
BRIDGESTONE,225,45,18, 95Y S007A TL PSR16564,6700,30
BRIDGESTONE,225,55,18, 98V T001 TL PSRgD7T1/809/801,6700,30
BRIDGESTONE,225,60,18, 100H Dueler H/L 33 TL PSR16 149,6700,30
BRIDGESTONE,235,45,18, 94W T005 TL PSR15584,6700,30
BRIDGESTONE,235,50,18, 101W T001 TL PSROD 756,6700,30
BRIDGESTONE,235,55,18, 100V 0684 TL PSROD 764,6700,30
BRIDGESTONE,235,60,18, 103V EP850 TL PSR0D607/704/752,6700,30
BRIDGESTONE,235,60,18, 103W Alenza 001 TL,6700,30
BRIDGESTONE,235,65,18, 106V Dueler HL33 TL PSR 5142,6700,30
BRIDGESTONE,245,40,18, 97Y S001 TL PSR14229/14602,6700,30
BRIDGESTONE,245,45,18, 96W T005 TL PSR0LF27/16188,6700,30
BRIDGESTONE,245,45,18, 100V REOSOA TL PSROD 755,6700,30
BRIDGESTONE,255,55,18, 109W Alenza 001 TL PSROD 758,6700,30
BRIDGESTONE,255,60,18, 108S D684 TL PSROLH13,6700,30
BRIDGESTONE,265,60,18, 110H D684 TL PSROLC 23,6700,30
BRIDGESTONE,265,60,18, 110T D684 TL PSR0LX93,6700,30
BRIDGESTONE,265,60,18, 110H D684 TL PSR0D742/754,6700,30
BRIDGESTONE,285,60,18, 116V D693 TL PSR14686/15905,6700,30
BRIDGESTONE,235,55,19, 101W Alenza 001 TL PSR16428,6700,30
BRIDGESTONE,245,40,19, 94W RE050 TL PSR12507,6700,30
BRIDGESTONE,255,50,19, 107W Alenza 001 TL PSROD 766,6700,30
BRIDGESTONE,265,50,19, 110Y HP Sport TL PSR12372/13740/1505l,6700,30
BRIDGESTONE,275,35,19, 96W RE050 TL PSRt 2509/13826,6700,30
BRIDGESTONE,275,40,19, 105Y S001 TL PSR14855,6700,30
BRIDGESTONE,275,55,19, 111V Alenza 001 TL PSRT 6173,6700,30
BRIDGESTONE,245,35,20, 95Y S007A TL PSR\6401,6700,30
BRIDGESTONE,255,50,20, 109V Alenza 001 TL PSR16760,6700,30
BRIDGESTONE,275,35,20, 102Y S007A TL PSRt 6406,6700,30
BRIDGESTONE,275,40,20, 106Y Alenza 001 TL PSR159 f 9,6700,30
BRIDGESTONE,275,45,20, 110Y HP Sport TL PSR12375/I 5057/17152,6700,30
BRIDGESTONE,295,30,20, 101Y S007A TL PSR165T 8,6700,30
BRIDGESTONE,235,50,20, 101W Alenza 001 TL PSR16978,6700,30
YOKOHAMA,165,65,13,E400,6700,120
YOKOHAMA,165,60,12,A539,6900,45
CEAT,185,70,14,MILAZE X3 TL 88T,8000,70
FIRESTONE,145,70,12,69T FR500 TL PSR0D45F,6900,50
CEAT,185,70,14,FUELSMARRT TL 88H,2000,50
HANKOOK,195,60,15,H308 3191 43,7800,40
PIRELLI,205,55,16,P10 CINT,6400
HANKOOK,195,65,15,ROADSTER,5660,30
YOKOHAMA,195,60,15,RV-02,,
HANKOOK,205,65,15,ROADSTER,6500,11
YOKOHAMA,185,65,13,RV02,3500,36
YOKOHAMA,205,65,15,E400,6700,50
BRIDGESTONE,165,65,15,VT02,6000,30
YOKOHAMA,145,80,12,E280,4300,35
FIRESTONE,205,65,15,094T FR500 TL PSR0D31F,6200,45
YOKOHAMA,165,65,15,E320,3200,35
CEAT,145,80,12,FUELSMARRT TL 74T,5700,40
YOKOHAMA,195,65,15,AE51,6800,40
CEAT,215,60,16,SAFETYDRIVE,5700,10
CEAT,175,65,15,SECURADRIVE  TL 84H,6200,32
HANKOOK,205,50,16,H457 HK,3500,31
MICHELIN,275,50Z,19,112Y Latitude Sport 3 NO,10800,23
MRF,205,60,16,ZAPPER,6400,23
MRF,205,80,17,ZAPGOD,7600,33
MRF,215,60,17,B290,10650,21
,,,,,,
YOKOHAMA,235,55,19,RV02,7800,25
PIRELLI,225,55,17,P7 CINT TL,3900,35
